<?xml version="1.0" encoding="UTF-8"?>
<BizData xsi:schemaLocation="urn:iso:std:iso:20022:tech:xsd:head.003.001.01 head.003.001.01.xsd" xmlns="urn:iso:std:iso:20022:tech:xsd:head.003.001.01" xmlns:xsi="http://www.w3.org/2001/XMLSchema-instance"><Hdr><AppHdr xsi:schemaLocation="urn:iso:std:iso:20022:tech:xsd:head.001.001.01 head.001.001.01_ESMAUG_1.0.0.xsd" xmlns="urn:iso:std:iso:20022:tech:xsd:head.001.001.01" xmlns:xsi="http://www.w3.org/2001/XMLSchema-instance"><Fr><OrgId><Id><OrgId><Othr><Id>EU</Id></Othr></OrgId></Id></OrgId></Fr><To><OrgId><Id><OrgId><Othr><Id>Public</Id></Othr></OrgId></Id></OrgId></To><BizMsgIdr>FULINS_I_20210807_01of01</BizMsgIdr><MsgDefIdr>auth.017.001.02</MsgDefIdr><CreDt>2021-08-07T03:10:03.04Z</CreDt></AppHdr></Hdr><Pyld><Document xsi:schemaLocation="urn:iso:std:iso:20022:tech:xsd:auth.017.001.02 auth.017.001.02_ESMAUG_FULINS_1.1.0.xsd" xmlns="urn:iso:std:iso:20022:tech:xsd:auth.017.001.02" xmlns:xsi="http://www.w3.org/2001/XMLSchema-instance"><FinInstrmRptgRefDataRpt><RptHdr><RptgNtty><NtlCmptntAuthrty>EU</NtlCmptntAuthrty></RptgNtty><RptgPrd><Dt>2021-08-07</Dt></RptgPrd></RptHdr><RefData><FinInstrmGnlAttrbts><Id>DE000C3JALS0</Id><FullNm>EAA3 SI 20211220 CS</FullNm><ShrtNm>EEX/EUAA P AUCTION SPOT</ShrtNm><ClssfctnTp>ITNXXX</ClssfctnTp><NtnlCcy>EUR</NtnlCcy><CmmdtyDerivInd>false</CmmdtyDerivInd></FinInstrmGnlAttrbts><Issr>529900J0JGLSFDWNFC20</Issr><TradgVnRltdAttrbts><Id>XEER</Id><IssrReq>false</IssrReq><FrstTradDt>2015-03-25T06:00:00Z</FrstTradDt><TermntnDt>2031-12-30T23:59:59Z</TermntnDt></TradgVnRltdAttrbts><DerivInstrmAttrbts><PricMltplr>500</PricMltplr><AsstClssSpcfcAttrbts><Cmmdty><Pdct><Envttl><Emssns><BasePdct>ENVR</BasePdct><SubPdct>EMIS</SubPdct><AddtlSubPdct>EUAA</AddtlSubPdct></Emssns></Envttl></Pdct><TxTp>OTHR</TxTp><FnlPricTp>EXOF</FnlPricTp></Cmmdty></AsstClssSpcfcAttrbts></DerivInstrmAttrbts><TechAttrbts><RlvntCmptntAuthrty>DE</RlvntCmptntAuthrty><PblctnPrd><FrDt>2021-03-18</FrDt></PblctnPrd><RlvntTradgVn>XEER</RlvntTradgVn></TechAttrbts></RefData><RefData><FinInstrmGnlAttrbts><Id>DE000C3JALT8</Id><FullNm>T3PA SI 20211220 CS</FullNm><ShrtNm>EEX/EUA P AUCTION SPOT</ShrtNm><ClssfctnTp>ITNXXX</ClssfctnTp><NtnlCcy>EUR</NtnlCcy><CmmdtyDerivInd>false</CmmdtyDerivInd></FinInstrmGnlAttrbts><Issr>529900J0JGLSFDWNFC20</Issr><TradgVnRltdAttrbts><Id>XEER</Id><IssrReq>false</IssrReq><FrstTradDt>2015-03-25T06:00:00Z</FrstTradDt><TermntnDt>2031-12-30T23:59:59Z</TermntnDt></TradgVnRltdAttrbts><DerivInstrmAttrbts><PricMltplr>500</PricMltplr><AsstClssSpcfcAttrbts><Cmmdty><Pdct><Envttl><Emssns><BasePdct>ENVR</BasePdct><SubPdct>EMIS</SubPdct><AddtlSubPdct>EUAE</AddtlSubPdct></Emssns></Envttl></Pdct><TxTp>OTHR</TxTp><FnlPricTp>EXOF</FnlPricTp></Cmmdty></AsstClssSpcfcAttrbts></DerivInstrmAttrbts><TechAttrbts><RlvntCmptntAuthrty>DE</RlvntCmptntAuthrty><PblctnPrd><FrDt>2021-03-18</FrDt></PblctnPrd><RlvntTradgVn>XEER</RlvntTradgVn></TechAttrbts></RefData><RefData><FinInstrmGnlAttrbts><Id>DE000C3L0V03</Id><FullNm>SEMA SI 20291217 CS</FullNm><ShrtNm>EEX/F 20291217</ShrtNm><ClssfctnTp>ITNXXX</ClssfctnTp><NtnlCcy>EUR</NtnlCcy><CmmdtyDerivInd>true</CmmdtyDerivInd></FinInstrmGnlAttrbts><Issr>529900J0JGLSFDWNFC20</Issr><TradgVnRltdAttrbts><Id>XEER</Id><IssrReq>false</IssrReq><FrstTradDt>2020-12-15T06:00:00Z</FrstTradDt><TermntnDt>2029-12-17T23:59:59Z</TermntnDt></TradgVnRltdAttrbts><DerivInstrmAttrbts><PricMltplr>1000</PricMltplr><AsstClssSpcfcAttrbts><Cmmdty><Pdct><Envttl><Emssns><BasePdct>ENVR</BasePdct><SubPdct>EMIS</SubPdct><AddtlSubPdct>EUAA</AddtlSubPdct></Emssns></Envttl></Pdct><TxTp>OTHR</TxTp><FnlPricTp>EXOF</FnlPricTp></Cmmdty></AsstClssSpcfcAttrbts></DerivInstrmAttrbts><TechAttrbts><RlvntCmptntAuthrty>DE</RlvntCmptntAuthrty><PblctnPrd><FrDt>2021-01-28</FrDt></PblctnPrd><RlvntTradgVn>XEER</RlvntTradgVn></TechAttrbts></RefData><RefData><FinInstrmGnlAttrbts><Id>DE000C3L0V29</Id><FullNm>SEME SI 20291217 CS</FullNm><ShrtNm>EEX/F 20291217</ShrtNm><ClssfctnTp>ITNXXX</ClssfctnTp><NtnlCcy>EUR</NtnlCcy><CmmdtyDerivInd>true</CmmdtyDerivInd></FinInstrmGnlAttrbts><Issr>529900J0JGLSFDWNFC20</Issr><TradgVnRltdAttrbts><Id>XEER</Id><IssrReq>false</IssrReq><FrstTradDt>2020-12-15T06:00:00Z</FrstTradDt><TermntnDt>2029-12-17T23:59:59Z</TermntnDt></TradgVnRltdAttrbts><DerivInstrmAttrbts><PricMltplr>1000</PricMltplr><AsstClssSpcfcAttrbts><Cmmdty><Pdct><Envttl><Emssns><BasePdct>ENVR</BasePdct><SubPdct>EMIS</SubPdct><AddtlSubPdct>EUAE</AddtlSubPdct></Emssns></Envttl></Pdct><TxTp>OTHR</TxTp><FnlPricTp>EXOF</FnlPricTp></Cmmdty></AsstClssSpcfcAttrbts></DerivInstrmAttrbts><TechAttrbts><RlvntCmptntAuthrty>DE</RlvntCmptntAuthrty><PblctnPrd><FrDt>2021-01-28</FrDt></PblctnPrd><RlvntTradgVn>XEER</RlvntTradgVn></TechAttrbts></RefData></FinInstrmRptgRefDataRpt></Document></Pyld></BizData>